id,english,meaning,pos,example,example_meaning
abundant,abundant,"풍부한, 많은",adj,,
accelerate,accelerate,"가속하다, 촉진하다",v,,
accumulate,accumulate,"모으다, 축적하다",v,,
acknowledge,acknowledge,"인정하다, (받았음을) 알리다",v,,
adhere,adhere,"고수하다, 들러붙다",v,,
advocate,advocate,"지지하다, 옹호하다",v,,
aggregate,aggregate,"총계의, 합계의",adj,,
amend,amend,"수정하다, 개정하다",v,,
ample,ample,"충분한, 넉넉한",adj,,
assess,assess,"평가하다, 산정하다",v,,
attain,attain,"달성하다, 이루다",v,,
authorize,authorize,"승인하다, 권한을 주다",v,,
beneficial,beneficial,"유익한, 이로운",adj,,
brochure,brochure,"소책자, 안내서",n,,
collaborate,collaborate,"협력하다, 공동으로 작업하다",v,,
commence,commence,"시작하다, 개시하다",v,,
compensate,compensate,"보상하다, 보충하다",v,,
compile,compile,"엮다, 편집하다",v,,
comply,comply,"(규칙을) 준수하다, 따르다",v,,
concise,concise,"간결한, 간명한",adj,,
consecutive,consecutive,"연속적인, 잇따른",adj,,
consolidate,consolidate,"통합하다, 강화하다",v,,
constraint,constraint,"제약, 제한",n,,
consult,consult,"상담하다, 참고하다",v,,
cultivate,cultivate,"경작하다, 기르다",v,,
curtail,curtail,"줄이다, 단축하다",v,,
decisive,decisive,"결정적인, 단호한",adj,,
dedicate,dedicate,"바치다, 전념하다",v,,
deficit,deficit,"적자, 부족액",n,,
delegate,delegate,"위임하다, 대표로 파견하다",v,,
designate,designate,"지정하다, 지명하다",v,,
deteriorate,deteriorate,"악화되다, 나빠지다",v,,
diligent,diligent,"부지런한, 성실한",adj,,
discrepancy,discrepancy,"불일치, 차이",n,,
dispose,dispose,"처리하다, 처분하다",v,,
diverse,diverse,"다양한, 여러 가지의",adj,,
durable,durable,"내구성 있는, 튼튼한",adj,,
elaborate,elaborate,"정교한, 공들인",adj,,
eliminate,eliminate,"제거하다, 없애다",v,,
endorse,endorse,"지지하다, 보증하다",v,,
enhance,enhance,"향상시키다, 높이다",v,,
enroll,enroll,"등록하다, 입학하다",v,,
equivalent,equivalent,"동등한, 상응하는",adj,,
exclusive,exclusive,"독점적인, 배타적인",adj,,
exempt,exempt,"면제된, 면제하다",adj,,
expedite,expedite,"신속히 처리하다, 촉진하다",v,,
explicit,explicit,"명백한, 분명한",adj,,
fluctuate,fluctuate,"변동하다, 오르내리다",v,,
forthcoming,forthcoming,"다가오는, 곧 있을",adj,,
foster,foster,"육성하다, 촉진하다",v,,
fulfill,fulfill,"이행하다, 완수하다",v,,
hazardous,hazardous,"위험한, 해로운",adj,,
hesitate,hesitate,"망설이다, 주저하다",v,,
imperative,imperative,"반드시 해야 하는, 긴급한",adj,,
impose,impose,"부과하다, 강요하다",v,,
incentive,incentive,"장려책, 동기",n,,
incur,incur,"(비용을) 발생시키다, 초래하다",v,,
indispensable,indispensable,"없어서는 안 될, 필수적인",adj,,
inevitable,inevitable,"불가피한, 피할 수 없는",adj,,
initiative,initiative,"계획, 주도권",n,,
innovative,innovative,"혁신적인",adj,,
integrate,integrate,"통합하다, 합치다",v,,
interrupt,interrupt,"방해하다, 중단시키다",v,,
inventory,inventory,"재고, 재고 목록",n,,
justify,justify,"정당화하다, 해명하다",v,,
lucrative,lucrative,"수익성이 좋은, 돈벌이가 되는",adj,,
mandatory,mandatory,"의무적인, 강제적인",adj,,
meticulous,meticulous,"꼼꼼한, 세심한",adj,,
modify,modify,"수정하다, 변경하다",v,,
monitor,monitor,"감시하다, 점검하다",v,,
mutual,mutual,"상호의, 서로의",adj,,
neglect,neglect,"소홀히 하다, 방치하다",v,,
nominate,nominate,"지명하다, 추천하다",v,,
objective,objective,"목표, 목적",n,,
obligation,obligation,"의무, 책임",n,,
outstanding,outstanding,"뛰어난, (돈이) 미지불된",adj,,
overdue,overdue,"기한이 지난, 연체된",adj,,
oversee,oversee,"감독하다, 감시하다",v,,
perishable,perishable,"상하기 쉬운",adj,,
pertinent,pertinent,"관련 있는, 적절한",adj,,
preliminary,preliminary,"예비의, 준비의",adj,,
premium,premium,"보험료, 할증금",n,,
prestigious,prestigious,"명망 있는, 일류의",adj,,
prevalent,prevalent,"널리 퍼진, 일반적인",adj,,
proficient,proficient,"능숙한, 숙달된",adj,,
prohibit,prohibit,"금지하다",v,,
prominent,prominent,"저명한, 눈에 띄는",adj,,
prospective,prospective,"장래의, 유망한",adj,,
provision,provision,"제공, (계약의) 조항",n,,
reimburse,reimburse,"상환하다, 변제하다",v,,
relocate,relocate,"이전하다, 옮기다",v,,
renovate,renovate,"개조하다, 보수하다",v,,
retain,retain,"유지하다, 보유하다",v,,
revenue,revenue,"수익, 세입",n,,
scrutinize,scrutinize,"면밀히 조사하다",v,,
substantial,substantial,"상당한, 많은",adj,,
supervise,supervise,"감독하다, 관리하다",v,,
sustainable,sustainable,"지속 가능한",adj,,
tentative,tentative,"잠정적인, 임시의",adj,,
thrive,thrive,"번성하다, 잘 자라다",v,,
